{"classes": ["facebook", "instagram", "messenger", "twitter", "whatsapp"], "class_log_prior": [-1.6094379124341003, -1.6094379124341003, -1.6094379124341003, -1.6094379124341003, -1.6094379124341003], "feature_log_prob": [[-3.951243718581427, -4.6443908991413725, -4.6443908991413725, -4.6443908991413725, -4.6443908991413725, -3.951243718581427, -4.6443908991413725, -4.6443908991413725, -3.951243718581427, -4.6443908991413725, -4.6443908991413725, -4.6443908991413725, -4.6443908991413725, -4.6443908991413725, -3.951243718581427, -4.6443908991413725, -4.6443908991413725, -3.951243718581427, -4.6443908991413725, -4.6443908991413725, -3.951243718581427, -3.951243718581427, -4.6443908991413725, -3.951243718581427, -4.6443908991413725, -4.6443908991413725, -4.6443908991413725, -4.6443908991413725, -4.6443908991413725, -4.6443908991413725, -4.6443908991413725, -4.6443908991413725, -4.6443908991413725, -4.6443908991413725, -4.6443908991413725, -4.6443908991413725, -4.6443908991413725, -4.6443908991413725, -4.6443908991413725, -4.6443908991413725, -4.6443908991413725, -4.6443908991413725, -4.6443908991413725, -4.6443908991413725, -4.6443908991413725, -4.6443908991413725, -3.2580965380214817, -3.951243718581427, -4.6443908991413725, -4.6443908991413725, -3.951243718581427, -4.6443908991413725, -3.951243718581427, -4.6443908991413725, -4.6443908991413725, -3.951243718581427, -4.6443908991413725, -4.6443908991413725, -3.951243718581427, -4.6443908991413725, -4.6443908991413725, -4.6443908991413725, -3.951243718581427, -4.6443908991413725, -3.951243718581427, -4.6443908991413725, -4.6443908991413725, -3.951243718581427, -4.6443908991413725, -4.6443908991413725, -4.6443908991413725, -4.6443908991413725, -4.6443908991413725, -4.6443908991413725, -3.951243718581427, -4.6443908991413725, -4.6443908991413725, -4.6443908991413725, -4.6443908991413725, -4.6443908991413725, -4.6443908991413725, -4.6443908991413725, -3.951243718581427], [-4.663439094112067, -4.663439094112067, -3.9702919135521215, -4.663439094112067, -4.663439094112067, -4.663439094112067, -3.9702919135521215, -4.663439094112067, -4.663439094112067, -3.9702919135521215, -4.663439094112067, -4.663439094112067, -4.663439094112067, -4.663439094112067, -4.663439094112067, -4.663439094112067, -3.9702919135521215, -4.663439094112067, -3.9702919135521215, -4.663439094112067, -4.663439094112067, -4.663439094112067, -4.663439094112067, -4.663439094112067, -4.663439094112067, -3.9702919135521215, -4.663439094112067, -4.663439094112067, -4.663439094112067, -4.663439094112067, -4.663439094112067, -4.663439094112067, -4.663439094112067, -3.9702919135521215, -4.663439094112067, -3.9702919135521215, -4.663439094112067, -3.9702919135521215, -4.663439094112067, -4.663439094112067, -4.663439094112067, -3.9702919135521215, -4.663439094112067, -4.663439094112067, -4.663439094112067, -4.663439094112067, -4.663439094112067, -3.564826805443957, -4.663439094112067, -4.663439094112067, -4.663439094112067, -3.9702919135521215, -4.663439094112067, -4.663439094112067, -3.9702919135521215, -4.663439094112067, -4.663439094112067, -3.9702919135521215, -4.663439094112067, -4.663439094112067, -4.663439094112067, -3.9702919135521215, -4.663439094112067, -3.9702919135521215, -4.663439094112067, -4.663439094112067, -3.9702919135521215, -4.663439094112067, -3.9702919135521215, -3.9702919135521215, -4.663439094112067, -3.9702919135521215, -4.663439094112067, -3.9702919135521215, -4.663439094112067, -4.663439094112067, -4.663439094112067, -3.9702919135521215, -4.663439094112067, -4.663439094112067, -4.663439094112067, -4.663439094112067, -4.663439094112067], [-4.653960350157523, -4.653960350157523, -4.653960350157523, -3.9608131695975777, -4.653960350157523, -4.653960350157523, -4.653960350157523, -4.653960350157523, -4.653960350157523, -4.653960350157523, -3.9608131695975777, -4.653960350157523, -3.9608131695975777, -3.9608131695975777, -4.653960350157523, -4.653960350157523, -4.653960350157523, -4.653960350157523, -4.653960350157523, -4.653960350157523, -4.653960350157523, -4.653960350157523, -3.9608131695975777, -4.653960350157523, -4.653960350157523, -4.653960350157523, -4.653960350157523, -4.653960350157523, -3.9608131695975777, -4.653960350157523, -4.653960350157523, -4.653960350157523, -4.653960350157523, -4.653960350157523, -4.653960350157523, -4.653960350157523, -3.9608131695975777, -4.653960350157523, -4.653960350157523, -3.9608131695975777, -4.653960350157523, -4.653960350157523, -4.653960350157523, -4.653960350157523, -3.555348061489413, -4.653960350157523, -4.653960350157523, -4.653960350157523, -4.653960350157523, -3.9608131695975777, -4.653960350157523, -4.653960350157523, -4.653960350157523, -3.9608131695975777, -4.653960350157523, -4.653960350157523, -3.555348061489413, -4.653960350157523, -4.653960350157523, -4.653960350157523, -4.653960350157523, -3.9608131695975777, -4.653960350157523, -4.653960350157523, -4.653960350157523, -3.9608131695975777, -4.653960350157523, -4.653960350157523, -4.653960350157523, -4.653960350157523, -4.653960350157523, -4.653960350157523, -4.653960350157523, -3.9608131695975777, -4.653960350157523, -3.9608131695975777, -4.653960350157523, -4.653960350157523, -4.653960350157523, -3.555348061489413, -4.653960350157523, -3.555348061489413, -4.653960350157523], [-4.634728988229636, -3.9415818076696905, -4.634728988229636, -4.634728988229636, -3.9415818076696905, -4.634728988229636, -4.634728988229636, -4.634728988229636, -4.634728988229636, -4.634728988229636, -4.634728988229636, -3.9415818076696905, -4.634728988229636, -4.634728988229636, -3.9415818076696905, -4.634728988229636, -4.634728988229636, -4.634728988229636, -4.634728988229636, -3.9415818076696905, -4.634728988229636, -4.634728988229636, -4.634728988229636, -4.634728988229636, -4.634728988229636, -4.634728988229636, -4.634728988229636, -4.634728988229636, -4.634728988229636, -3.9415818076696905, -4.634728988229636, -4.634728988229636, -3.9415818076696905, -4.634728988229636, -3.9415818076696905, -4.634728988229636, -4.634728988229636, -4.634728988229636, -3.9415818076696905, -4.634728988229636, -3.9415818076696905, -4.634728988229636, -3.9415818076696905, -4.634728988229636, -4.634728988229636, -4.634728988229636, -3.9415818076696905, -4.634728988229636, -4.634728988229636, -4.634728988229636, -3.9415818076696905, -4.634728988229636, -4.634728988229636, -4.634728988229636, -4.634728988229636, -4.634728988229636, -4.634728988229636, -4.634728988229636, -4.634728988229636, -3.9415818076696905, -4.634728988229636, -4.634728988229636, -4.634728988229636, -4.634728988229636, -4.634728988229636, -4.634728988229636, -3.536116699561526, -4.634728988229636, -4.634728988229636, -4.634728988229636, -4.634728988229636, -4.634728988229636, -3.9415818076696905, -4.634728988229636, -4.634728988229636, -4.634728988229636, -4.634728988229636, -4.634728988229636, -3.9415818076696905, -4.634728988229636, -3.9415818076696905, -3.9415818076696905, -4.634728988229636], [-4.605170185988092, -4.605170185988092, -4.605170185988092, -4.605170185988092, -4.605170185988092, -4.605170185988092, -4.605170185988092, -3.9120230054281464, -4.605170185988092, -4.605170185988092, -4.605170185988092, -3.9120230054281464, -4.605170185988092, -4.605170185988092, -4.605170185988092, -3.9120230054281464, -4.605170185988092, -4.605170185988092, -4.605170185988092, -4.605170185988092, -4.605170185988092, -4.605170185988092, -4.605170185988092, -4.605170185988092, -3.9120230054281464, -4.605170185988092, -3.9120230054281464, -3.9120230054281464, -4.605170185988092, -4.605170185988092, -3.9120230054281464, -3.9120230054281464, -4.605170185988092, -4.605170185988092, -4.605170185988092, -4.605170185988092, -4.605170185988092, -4.605170185988092, -4.605170185988092, -4.605170185988092, -4.605170185988092, -4.605170185988092, -4.605170185988092, -3.9120230054281464, -3.9120230054281464, -3.9120230054281464, -4.605170185988092, -4.605170185988092, -3.9120230054281464, -4.605170185988092,